{
	"profiledata": {
		"Birthday": "1972-06-27T16:00:00Z",
		"Gender": "Male",
		"Height": 66,
		"Weight": 164,
		"WorkSleepAmount": 480,
		"WorkToFallAsleepMinutes": 10,
		"WorkWakeHowManyTimes": 0,
		"WorkEachAwakeMinutes": 0,
		"WorkQualityOfSleep": "Good",
		"WorkIWakeUpWith": "Without",
		"WorkNeedSleep": 420,
		"WorkDipInEnergy": "Yes",
		"WorkDipTime": "2:30 PM",
		"WorkUsualBedtime": "11:00 PM",
		"WorkUsualWakeTime": "7:00 AM",
		"WorkTimeToWakeUp": 10,
		"WeekendSleepAmount": 420,
		"WeekendToFallAsleepMinutes": 10,
		"WeekendWakeHowManyTimes": 0,
		"WeekendEachAwakeMinutes": 0,
		"WeekendQualityOfSleep": "Good",
		"WeekendIWakeUpWith": "With",
		"WeekendNeedSleep": 420,
		"WeekendDipInEnergy": "Yes",
		"WeekendDipTime": "3:30 PM",
		"WeekendUsualBedtime": "11:00 PM",
		"WeekendUsualWakeTime": "7:00 AM",
		"WeekendTimeToWakeUp": 19,
		"OverallTypeLevelAlertness": "High",
		"OverallTypeLevelMental": "High",
		"OverallTypeLevelPhysical": "Medium",
		"OverallTypeLevelMood": "High",
		"TypeOfPerson": 30
	}
}